序号,商品标题,价格,店铺,销量,发货地,标签/服务,判断,商品链接,店铺链接,图片链接
1,Tldv 美式潮牌高街印花日常通勤宽松亲肤透气舒适休闲百搭短袖T恤,29.9,TideStyle线上商店,0人付款,广东 揭阳,6期、退货宝、包邮,有退货保障；包邮,https://item.taobao.com/item.htm?id=1060909179817&ns=1&abbucket=11&xxc=taobaoSearch&mi_id=00002Wd2Nwqtvbka8rA02Ie0UujYZ9HvJylneDpOFhtCzjk&skuId=6108063028675,https://store.taobao.com/shop/view_shop.htm?appUid=RAzN8HWMhkduvtFZzgM2c8ViHhkYUnKuRSpUi58ZDdY4SB2s4j7,https://g-search3.alicdn.com/img/bao/uploaded/i4/O1CN010Ft9T91Xgz80vHWfe_!!3139232954.jpg
2,LMC 美式潮牌高街cleanfit高级氛围感立体字母印花日常短袖T恤,29.9,Imc TL线上商店,0人付款,广东 广州,6期、30天价保、退货宝、包邮,有退货保障；包邮,https://item.taobao.com/item.htm?id=1054621159876&ns=1&abbucket=11&xxc=taobaoSearch&mi_id=0000u2aD5CGFHKth5HA1BzP3HM_zrM1g4sH0BGiOnjrj49o&skuId=6097462881771,https://store.taobao.com/shop/view_shop.htm?appUid=RAzN8HWN1EeNgnQztWMB8PuEYVXxfDXSSKp9z6JejB7CgfoitME,https://gw.alicdn.com/imgextra/O1CN01hLVTEw2JA6F1silz9_!!2209630359380-0-picasso.jpg
3,Tldv 美式潮牌高街围感立体字母印花日常通勤宽松亲肤透气短袖T恤,29.9,TideStyle线上商店,0人付款,广东 揭阳,6期、退货宝、包邮,有退货保障；包邮,https://item.taobao.com/item.htm?id=1058696112700&ns=1&abbucket=11&xxc=taobaoSearch&mi_id=0000Q1a_Q5W7hhaMiE9SzpF4SosrJp0YQ_-oZD8PYJjTnd0&skuId=6099287736088,https://store.taobao.com/shop/view_shop.htm?appUid=RAzN8HWMhkduvtFZzgM2c8ViHhkYUnKuRSpUi58ZDdY4SB2s4j7,https://g-search3.alicdn.com/img/bao/uploaded/i4/O1CN01LYS1N11Xgz7frnidy_!!3139232954.jpg
4,美式潮流字母印花短袖T恤男女通用高街复古上衣圆领宽松型夏休闲,57.66,NASA Wassup 中国专区线上店,1人付款,广东 广州,官方立减12%、退货宝,有退货保障,https://item.taobao.com/item.htm?id=1057097657019&ns=1&abbucket=11&xxc=taobaoSearch&mi_id=0000TRHzW6lAlIrmv9-vohiXvSuZFdOImHeIe5WwsthRPrw&skuId=6098774317264,https://store.taobao.com/shop/view_shop.htm?appUid=RAzN8HWJwAmFggzuE1VeqnThppEYRvRYGVY8qbkMfFB6G2ja1RR,https://g-search3.alicdn.com/img/bao/uploaded/i4/O1CN01cgfrSH1fK6G7SBiaU_!!2208153743987.jpg
5,美式嘻哈风字母印花短袖满天星T恤男女同款宽松潮牌高街透气上衣,67.47,NASA Wassup 中国专区线上店,1人付款,广东 广州,官方立减12%、退货宝,有退货保障,https://item.taobao.com/item.htm?id=1061726109341&ns=1&abbucket=11&xxc=taobaoSearch&mi_id=0000dpZRrH_dp9S8pO3WmcQRnuiiX0UZh7es9Rdl13jlfxc&skuId=6106269024676,https://store.taobao.com/shop/view_shop.htm?appUid=RAzN8HWJwAmFggzuE1VeqnThppEYRvRYGVY8qbkMfFB6G2ja1RR,https://g-search1.alicdn.com/img/bao/uploaded/i4/O1CN01y6M1Pq1fK6GNoSeGd_!!2208153743987.jpg
6,Dickies双纱300g重磅落肩宽松复古仿刺绣宽松情侣纯棉圆领短袖T恤,119,Dickies品牌店,200+人付款,福建 泉州,退货宝、48小时内发、包邮,有退货保障；包邮,https://item.taobao.com/item.htm?id=1051601682492&ns=1&abbucket=11&xxc=taobaoSearch&mi_id=0000d-ebJybF2uaeIQ8AejNleyvKV6UwKD0_nmNlUAzm0zE&skuId=6089552252850,https://store.taobao.com/shop/view_shop.htm?appUid=RAzN8HWUiQHyVa8iGiCFzLNsri38btewqW5kX2kqA2yduxg799j,https://g-search2.alicdn.com/img/bao/uploaded/i4/O1CN01HNHgdX1Vk4YgGIi1z_!!2207786462690.jpg
7,美式复古高街仿刺绣涂鸦贴纸图案品牌logo圆领短袖T恤 男女同款,32.9,漫潮潮牌供应链,3人付款,广东 揭阳,,优先比价,https://item.taobao.com/item.htm?id=1059153809335&ns=1&abbucket=11&xxc=taobaoSearch&mi_id=00003zZJOrPKrn8lIlDPtbv5vZ-X0ID2xlc8jDcIfPQ1R74&skuId=6102739861354,https://store.taobao.com/shop/view_shop.htm?appUid=RAzN8HWKYYe5JBsjSJaGwsLLDTheLg11LAKummfxKFXzHwAssVD,https://g-search2.alicdn.com/img/bao/uploaded/i4/O1CN01gtiExU1Fu7OmtBBX9_!!3033750546.png
8,Dickies美式潮牌百搭经典logo字母印花短袖t恤男2026夏季男女同款,119,Dickies男装企业店,2人付款,北京,官方立减12%、退货宝、48小时内发、包邮,有退货保障；包邮,https://item.taobao.com/item.htm?id=1063543441630&ns=1&abbucket=11&xxc=taobaoSearch&mi_id=00006dfTuUjhAB_Ndkoz6-9gwn_kVxT0kx_gn9YlqAEkdR0&skuId=6274096166331,https://store.taobao.com/shop/view_shop.htm?appUid=RAzN8HWLDzGWyXZuYi2DEMvehm6yBQBLDsZfEveygN1vYQvWyz1,https://g-search3.alicdn.com/img/bao/uploaded/i4/O1CN01dhVEFI1J3E7vmBYh4_!!2222201280972.jpg
9,Dickies分散立体字母多徽章贴布印花短袖T恤男女美式宽松纯棉上衣,135.62,DICKIES正品奥特莱斯总店,18人付款,福建 泉州,官方立减30元、淘金币已抵3.38元、48小时内发、包邮、公益宝贝,包邮,https://item.taobao.com/item.htm?id=1062227352353&ns=1&abbucket=11&xxc=taobaoSearch&mi_id=0000cx6a_FNA_MlnUsHeTAo6uhIwT5VVp01J9vIobA8HUyg&skuId=6270713143854,https://store.taobao.com/shop/view_shop.htm?appUid=RAzN8HWbJ3eB1qmHb4E1ASsh6HcQK82DqsAw3pcdGq3QNPtgDM8,https://gw.alicdn.com/imgextra/O1CN01Sq46sU1Kv6KdQbiiW_!!2222088551225-0-picasso.jpg
10,LMC 美式高街复古休闲涂鸦英文字母logo贴纸徽章做旧印花短袖T恤,29.9,Imc TL线上商店,1人付款,广东 广州,6期、30天价保、退货宝、包邮,有退货保障；包邮,https://item.taobao.com/item.htm?id=1061249778651&ns=1&abbucket=11&xxc=taobaoSearch&mi_id=00001ZswU7_56JLoHPijxYsCIQtvdxe9VI40_jEe5RiO37U&skuId=6272043658276,https://store.taobao.com/shop/view_shop.htm?appUid=RAzN8HWN1EeNgnQztWMB8PuEYVXxfDXSSKp9z6JejB7CgfoitME,https://gw.alicdn.com/imgextra/O1CN01MeSBFh2JA6FLDui1E_!!2209630359380-0-picasso.jpg
11,Tldv 美式潮流高街cleanfit高颜值品豹纹猫爪字母印花通勤短袖T恤,29.9,TideStyle线上商店,0人付款,广东 揭阳,6期、退货宝、包邮,有退货保障；包邮,https://item.taobao.com/item.htm?id=1051965745599&ns=1&abbucket=11&xxc=taobaoSearch&mi_id=0000fgWHMz-9YTkSLz39M2u66mxUIGHo3d08JIkgrJmfNPs&skuId=6084604249987,https://store.taobao.com/shop/view_shop.htm?appUid=RAzN8HWMhkduvtFZzgM2c8ViHhkYUnKuRSpUi58ZDdY4SB2s4j7,https://g-search2.alicdn.com/img/bao/uploaded/i4/O1CN0118oo781Xgz7R7kZ9N_!!3139232954.png
12,Dickies美式高街大logo设计纯棉打底宽松套头圆领短袖T恤男女同款,119,Dickies男装企业店,50人付款,福建 泉州,官方立减12%、退货宝、48小时内发、包邮,有退货保障；包邮,https://item.taobao.com/item.htm?id=1061265797821&ns=1&abbucket=11&xxc=taobaoSearch&mi_id=0000CRmwICjDH0a1zuvSZuD3zd2CC9BmmcTZ7PXntHkkWbQ&skuId=6270349666097,https://store.taobao.com/shop/view_shop.htm?appUid=RAzN8HWLDzGWyXZuYi2DEMvehm6yBQBLDsZfEveygN1vYQvWyz1,https://g-search2.alicdn.com/img/bao/uploaded/i4/O1CN016osKgA1J3E7m7mPp2_!!2222201280972.jpg
13,LMC 美式潮牌高街cleanfit高级氛围感胶带字母印花日常短袖T恤,26.9,Imc TL线上商店,0人付款,广东 广州,6期、30天价保、退货宝、包邮,有退货保障；包邮,https://item.taobao.com/item.htm?id=1057520363676&ns=1&abbucket=11&xxc=taobaoSearch&mi_id=0000_RGfqkIVWHy5Wx4UcgxEMxuNVRAGpjaZ5Bva0nR5HKs&skuId=6102986341435,https://store.taobao.com/shop/view_shop.htm?appUid=RAzN8HWN1EeNgnQztWMB8PuEYVXxfDXSSKp9z6JejB7CgfoitME,https://gw.alicdn.com/imgextra/O1CN01z6Ukw22JA6FBoX2kb_!!2209630359380-0-picasso.jpg
14,美式潮牌刺绣字母纯棉短袖t恤男女2026新款夏季重磅学生宽松上衣,47.4,Wassup Uosne国潮总店,700+人付款,广东 揭阳,全网低价、退货宝、包邮,有退货保障；包邮,https://item.taobao.com/item.htm?id=1026982675221&ns=1&abbucket=11&xxc=taobaoSearch&mi_id=00005guMoMPZLuewaf95MNm_btOpWwLwK-uGR_azqvQrwdU&skuId=6040091401267,https://store.taobao.com/shop/view_shop.htm?appUid=RAzN8HWVLsDbNucR2grN2CxX8UogUefQKbZUEx3KPJp3fTXhPBw,https://g-search3.alicdn.com/img/bao/uploaded/i4/O1CN01c0urUj1KE34n3OGKk_!!2447921131.jpg
15,美式复古字母印花短袖T恤男女同款休闲百搭潮流宽松型夏圆领上衣,57.66,NASA Wassup 中国专区线上店,1人付款,广东 广州,官方立减12%、退货宝,有退货保障,https://item.taobao.com/item.htm?id=1058250241654&ns=1&abbucket=11&xxc=taobaoSearch&mi_id=0000ODcPAw2SEXwcEpg5lFWU825eifJ0A95q0-zaBRDi_TA&skuId=6100200416881,https://store.taobao.com/shop/view_shop.htm?appUid=RAzN8HWJwAmFggzuE1VeqnThppEYRvRYGVY8qbkMfFB6G2ja1RR,"https://g-search1.alicdn.com/img/bao/uploaded/i4/O1CN01JzY2EU1fK6G81Mmty~crop,197,0,1080,1440~_!!2208153743987.jpg"
16,LMC 美式潮流高街cleanfit高颜值Logo豹纹猫爪字母印花短袖T恤,29.9,Imc TL线上商店,2人付款,广东 广州,6期、30天价保、退货宝、包邮,有退货保障；包邮,https://item.taobao.com/item.htm?id=1048632504120&ns=1&abbucket=11&xxc=taobaoSearch&mi_id=0000NtjZN9uYiJuMH6oTDKrJTQKXJqu_AMH9_mX30jDxvtQ&skuId=6074491709665,https://store.taobao.com/shop/view_shop.htm?appUid=RAzN8HWN1EeNgnQztWMB8PuEYVXxfDXSSKp9z6JejB7CgfoitME,https://gw.alicdn.com/imgextra/O1CN01nJVVK32JA6ElsYc0T_!!2209630359380-0-picasso.jpg
17,Dickies纯棉美式复古经典Logo基础宽松舒适时尚潮流高街短袖T恤男,119,Dickies品牌店,82人付款,福建 泉州,退货宝、48小时内发、包邮,有退货保障；包邮,https://item.taobao.com/item.htm?id=1048795425521&ns=1&abbucket=11&xxc=taobaoSearch&mi_id=0000nYFPMNkFy4z_9ULTE-IlEmlo22fhEQwVLNuKACZvuxQ&skuId=6267646191335,https://store.taobao.com/shop/view_shop.htm?appUid=RAzN8HWUiQHyVa8iGiCFzLNsri38btewqW5kX2kqA2yduxg799j,https://g-search3.alicdn.com/img/bao/uploaded/i4/O1CN01uN8Ym21Vk4YSycuOZ_!!2207786462690.jpg
18,复古经典设计背面大印花款式百搭舒适透气时尚短袖T恤 男女同款,32.9,漫潮潮牌供应链,0人付款,广东 揭阳,,优先比价,https://item.taobao.com/item.htm?id=1064518536699&ns=1&abbucket=11&xxc=taobaoSearch&mi_id=0000Sd1xwNul7iX-RnqZJW0xiB1n-QESg4bzKbmyXj3WSX4&skuId=6109282556173,https://store.taobao.com/shop/view_shop.htm?appUid=RAzN8HWKYYe5JBsjSJaGwsLLDTheLg11LAKummfxKFXzHwAssVD,https://g-search3.alicdn.com/img/bao/uploaded/i4/O1CN01Nf5Q8R1Fu7Owj1g0Y_!!3033750546.jpg
19,Tldv 美式潮流高街豹纹猫爪字母印花日常通勤宽松简约圆领短袖T恤,26.9,TideStyle线上商店,0人付款,广东 揭阳,6期、退货宝、包邮,有退货保障；包邮,https://item.taobao.com/item.htm?id=1058326082891&ns=1&abbucket=11&xxc=taobaoSearch&mi_id=0000nDgFOlRkiVRfIdrBd8cjt1zRbjMG8GZCTZ2pzIhF5q0&skuId=6102231900477,https://store.taobao.com/shop/view_shop.htm?appUid=RAzN8HWMhkduvtFZzgM2c8ViHhkYUnKuRSpUi58ZDdY4SB2s4j7,https://g-search2.alicdn.com/img/bao/uploaded/i4/O1CN01HDrpyj1Xgz7pmTNHP_!!3139232954.png
20,LMC 美式高街字母图案印花LOGO嘻哈街头复古百搭短袖T恤,29.9,Imc TL线上商店,0人付款,广东 广州,6期、30天价保、退货宝、包邮,有退货保障；包邮,https://item.taobao.com/item.htm?id=1061410075105&ns=1&abbucket=11&xxc=taobaoSearch&mi_id=0000OK7dj5KHyEgxQkSLbPpegpj7flXZEidrhFjy0pgpI5I&skuId=6273885307105,https://store.taobao.com/shop/view_shop.htm?appUid=RAzN8HWN1EeNgnQztWMB8PuEYVXxfDXSSKp9z6JejB7CgfoitME,https://gw.alicdn.com/imgextra/O1CN01uZ54d02JA6FOKSjCE_!!2209630359380-0-picasso.jpg
21,牛仔纹印花显瘦百搭简约美式复古高街潮牌圆领短袖 T恤 男女同款,32.9,漫潮潮牌供应链,14人付款,广东 揭阳,48小时内发,优先比价,https://item.taobao.com/item.htm?id=1059601948887&ns=1&abbucket=11&xxc=taobaoSearch&mi_id=0000egCc7s1C1celUq5AgmTGxAvBPT8EdghuHk6wyckn4uY&skuId=6101733661991,https://store.taobao.com/shop/view_shop.htm?appUid=RAzN8HWKYYe5JBsjSJaGwsLLDTheLg11LAKummfxKFXzHwAssVD,https://g-search1.alicdn.com/img/bao/uploaded/i4/O1CN015NFVuB1Fu7OkzHJjB_!!3033750546.jpg
22,Tldv 美式潮流高街豹纹猫爪字母印花日常通勤宽松亲肤透气短袖T恤,29.9,TideStyle线上商店,0人付款,广东 揭阳,6期、退货宝、包邮,有退货保障；包邮,https://item.taobao.com/item.htm?id=1056884659635&ns=1&abbucket=11&xxc=taobaoSearch&mi_id=0000IO-hoS3GwJc0LgZI5AIkBADtySHIFTn9Pn7hZVIDe0Y&skuId=6265847102163,https://store.taobao.com/shop/view_shop.htm?appUid=RAzN8HWMhkduvtFZzgM2c8ViHhkYUnKuRSpUi58ZDdY4SB2s4j7,https://g-search1.alicdn.com/img/bao/uploaded/i4/O1CN01eKougq1Xgz7nVpnL8_!!3139232954.png
23,LMC 美式潮流高街cleanfit高颜值Logo豹纹猫爪字母印花短袖T恤,29.9,Imc TL线上商店,0人付款,广东 广州,6期、30天价保、退货宝、包邮,有退货保障；包邮,https://item.taobao.com/item.htm?id=1046542406341&ns=1&abbucket=11&xxc=taobaoSearch&mi_id=0000etgPtmTnqnE06Lkx3dVKc4VDv-vzj2KLST0NhDuHbeA&skuId=6073000300061,https://store.taobao.com/shop/view_shop.htm?appUid=RAzN8HWN1EeNgnQztWMB8PuEYVXxfDXSSKp9z6JejB7CgfoitME,https://gw.alicdn.com/imgextra/O1CN01hwwLyD2JA6Elb3SUZ_!!2209630359380-0-picasso.jpg
24,Dickies美式高街大logo设计纯棉打底宽松套头圆领短袖T恤男女同款,111,Dickies男装企业店,11人付款,北京,官方立减12%、直降13元、退货宝、48小时内发、包邮,有退货保障；包邮,https://item.taobao.com/item.htm?id=1062228812253&ns=1&abbucket=11&xxc=taobaoSearch&mi_id=0000IpU1P4BEkmbvsj_Je7_tq2A8lFDIaMAw4KWRwqS1Nsc&skuId=6273649446602,https://store.taobao.com/shop/view_shop.htm?appUid=RAzN8HWLDzGWyXZuYi2DEMvehm6yBQBLDsZfEveygN1vYQvWyz1,https://g-search3.alicdn.com/img/bao/uploaded/i4/O1CN01LemskZ1J3E7mpBYNv_!!2222201280972.jpg
25,美式豹纹猫爪字母印花短袖T恤夏季宽松休闲百搭男女通用落肩圆领,58.96,NASA Wassup 中国专区线上店,1人付款,广东 广州,超级立减10%、退货宝,有退货保障,https://item.taobao.com/item.htm?id=1047882786930&ns=1&abbucket=11&xxc=taobaoSearch&mi_id=0000ZKGylVjtssZYzAZZl_zpZSJYKKx5teQevzHfakcVRf4&skuId=6076433680620,https://store.taobao.com/shop/view_shop.htm?appUid=RAzN8HWJwAmFggzuE1VeqnThppEYRvRYGVY8qbkMfFB6G2ja1RR,https://g-search3.alicdn.com/img/bao/uploaded/i4/O1CN01rVS9gk1fK6FhBvIkd_!!2208153743987.png
26,Tldv 美式高街字母图案印花街头复古高颜值情侣款校园风短袖T恤,32.9,TideStyle线上商店,4人付款,广东 揭阳,6期、退货宝、包邮,有退货保障；包邮,https://item.taobao.com/item.htm?id=1046718696295&ns=1&abbucket=11&xxc=taobaoSearch&mi_id=0000k09t6WOpDzfag0QT70R7WmORXRu-tVuRpndZmkX5JG8&skuId=6068853920408,https://store.taobao.com/shop/view_shop.htm?appUid=RAzN8HWMhkduvtFZzgM2c8ViHhkYUnKuRSpUi58ZDdY4SB2s4j7,https://g-search2.alicdn.com/img/bao/uploaded/i4/O1CN01BU59Rj1Xgz77TkOB5_!!3139232954.png
27,Tldv 美式潮流多元素徽章印花日常通勤宽松亲肤透气舒适短袖T恤,29.9,TideStyle线上商店,6人付款,广东 揭阳,6期、退货宝、包邮,有退货保障；包邮,https://item.taobao.com/item.htm?id=1052864036854&ns=1&abbucket=11&xxc=taobaoSearch&mi_id=0000PtQ4w4sj-JVTY1R4YaqKUY4NtWTFaL1dw8euN7mUA5E&skuId=6084598993601,https://store.taobao.com/shop/view_shop.htm?appUid=RAzN8HWMhkduvtFZzgM2c8ViHhkYUnKuRSpUi58ZDdY4SB2s4j7,https://g-search3.alicdn.com/img/bao/uploaded/i4/O1CN01wT1w791Xgz7QlcQA5_!!3139232954.png
28,Tldv 美式高街图案印花LOGO嘻哈街头复古百搭高颜值情侣款短袖T恤,29.9,TideStyle线上商店,1人付款,广东 揭阳,6期、退货宝、包邮,有退货保障；包邮,https://item.taobao.com/item.htm?id=1050410643301&ns=1&abbucket=11&xxc=taobaoSearch&mi_id=0000f24u6vskjay1mWOTOvLKQX5sh3klPGXg3dO9OX42BTI&skuId=6249869074579,https://store.taobao.com/shop/view_shop.htm?appUid=RAzN8HWMhkduvtFZzgM2c8ViHhkYUnKuRSpUi58ZDdY4SB2s4j7,https://g-search3.alicdn.com/img/bao/uploaded/i4/O1CN01XauYwu1Xgz7Rs7zbR_!!3139232954.png
29,悟空有货美式花卉刺绣字母圆领短袖T恤男女潮牌夏季宽松半袖体恤,61,悟空有货原创设计师品牌,700+人付款,福建 泉州,官方立减12%、3期、ifashion、包邮、公益宝贝,包邮,https://item.taobao.com/item.htm?id=1040310424983&ns=1&abbucket=11&xxc=taobaoSearch&mi_id=0000sUHe_En3zVKfmgdGtmb4a2Kayvx4RSgKoLVy15hbmrI&skuId=6222801247465,https://store.taobao.com/shop/view_shop.htm?appUid=RAzN8HWJUZ62wMkpmDquD2W4AUSD14emwEvnfqozQt2tZXPCHnJ,https://g-search1.alicdn.com/img/bao/uploaded/i4/O1CN01I85Gs61Dkq96K7KIO_!!2671610255.jpg
30,KESOAK 美式高街后背印花短袖t恤女2026新款设计感宽松百搭上衣,81.8,KESOAK,12人付款,广东 广州,官方立减12%、退货宝、ifashion、包邮,有退货保障；包邮,https://item.taobao.com/item.htm?id=1031579774178&ns=1&abbucket=11&xxc=taobaoSearch&mi_id=0000T3z9FqWLHj3gM_1YQ1A27hZK_uV7X3ak2pvisTqNT-w&skuId=6045622128777,https://store.taobao.com/shop/view_shop.htm?appUid=RAzN8HWSa7RtZyX2DhBcQ937q2HRLZqLVP3Y5AdYrvxkFDsLqTX,https://gw.alicdn.com/imgextra/O1CN019ct3Nu1PssUL6jSdv_!!645811897-0-picasso.jpg
31,LMC 纯棉高品质百搭短袖徽章品牌字母印花图案美式复古高街T恤,29.9,Imc TL线上商店,1人付款,广东 广州,6期、30天价保、退货宝、包邮,有退货保障；包邮,https://item.taobao.com/item.htm?id=1062411968140&ns=1&abbucket=11&xxc=taobaoSearch&mi_id=0000QzIaIBda2sPwu8jOfjn0cjl00xOlWmiFpwG2LLDtsho&skuId=6106612773293,https://store.taobao.com/shop/view_shop.htm?appUid=RAzN8HWN1EeNgnQztWMB8PuEYVXxfDXSSKp9z6JejB7CgfoitME,https://gw.alicdn.com/imgextra/O1CN01ahpr1t2JA6FEUaFKC_!!2209630359380-0-picasso.jpg
32,7 WORK胶带仿刺绣雏菊印花美式简约复古短袖T恤 男女同款,37.83,WORK原创设计,3人付款,广东 揭阳,淘金币已抵1.17元、退货宝、包邮,有退货保障；包邮,https://item.taobao.com/item.htm?id=917848699537&ns=1&abbucket=11&xxc=taobaoSearch&mi_id=0000r-RPhIXCYtQkXbqSV2Zy1JGnwq1VWLgvt4_m7DIADFw&skuId=5787045952729,https://store.taobao.com/shop/view_shop.htm?appUid=RAzN8HWaA4GAT5RCnbqQHmXykUZsbSeWSfNLMT31HLtFZYsdbpr,https://g-search3.alicdn.com/img/bao/uploaded/i4/O1CN01l1Y6kb24oezQfOlIA_!!3862347438.jpg
33,美式t恤男夏季宽松圆领休闲重磅五分袖潮牌情侣涂鸦印花纯棉短袖,64.6,szon旗舰店,400+人付款,广东 广州,官方立减12%、天猫、天猫、淘金币已抵0.74元、包邮,包邮,https://detail.tmall.com/item.htm?id=1051950472772&ns=1&abbucket=11&xxc=taobaoSearch&mi_id=0000Jr3AI0D117MxfjWjBauKxK6QsCBb92We_7WhaQ47Pg8&skuId=6258944539942,https://store.taobao.com/shop/view_shop.htm?appUid=RAzN8HWMybrcdXu8tZbN8RuWooBgi3p88xosKuVVby9NzUChuGA,https://g-search3.alicdn.com/img/bao/uploaded/i4/O1CN01IvL9hj2A5fsSOWEZs_!!3378598152-2-qnaigc.png
34,美式刺绣字母纯棉短袖t恤男女2026新款夏季一男一女学生宽松上衣,46.9,Wassup Uosne国潮总店,34人付款,广东 揭阳,退货宝、包邮,有退货保障；包邮,https://item.taobao.com/item.htm?id=1026986091195&ns=1&abbucket=11&xxc=taobaoSearch&mi_id=0000kSagKYI9WE8mVuvQQzqimU2b6LTrpXyBuCWoG4qb3_o&skuId=6204971880000,https://store.taobao.com/shop/view_shop.htm?appUid=RAzN8HWVLsDbNucR2grN2CxX8UogUefQKbZUEx3KPJp3fTXhPBw,https://g-search1.alicdn.com/img/bao/uploaded/i4/O1CN01c0urUj1KE34n3OGKk_!!2447921131.jpg
35,LMC 美式复古高街cleanfit风个性印花潮流痞帅无性别短袖T恤,26.9,Imc TL线上商店,0人付款,广东 广州,6期、30天价保、退货宝、包邮,有退货保障；包邮,https://item.taobao.com/item.htm?id=1063023286774&ns=1&abbucket=11&xxc=taobaoSearch&mi_id=0000PbtqHmUsMg7p9qaT1gQ3NU7YV-HXMFvXTK9Ji7eTfzU&skuId=6109860532047,https://store.taobao.com/shop/view_shop.htm?appUid=RAzN8HWN1EeNgnQztWMB8PuEYVXxfDXSSKp9z6JejB7CgfoitME,https://gw.alicdn.com/imgextra/O1CN012YkZUz2JA6FR4L9m8_!!2209630359380-0-picasso.jpg
36,美式字母植绒设计感短袖t恤男夏季新款宽松潮牌百搭重磅半袖体恤,39.8,HTLG 潮牌男装,9人付款,广东 广州,退货宝、包邮、公益宝贝,有退货保障；包邮,https://item.taobao.com/item.htm?id=675383414336&ns=1&abbucket=11&xxc=taobaoSearch&mi_id=00001H-FkxSP0NtUOa2-ULNAFVlVxPAypfnMUTjBY5OkCBM&skuId=6063219589451,https://store.taobao.com/shop/view_shop.htm?appUid=RAzN8HWX12LUDAVbrgpgHtPM3AKyytRZ5jxEFbtySEDFd2MTG2M,https://g-search3.alicdn.com/img/bao/uploaded/i4/O1CN01VWXLNC1DEmPCOZK11_!!406530185.jpg
37,美式高街个性字母品牌logo印花户外运动cleanfit短袖T恤 男女同款,32.9,漫潮潮牌供应链,13人付款,广东 揭阳,48小时内发,优先比价,https://item.taobao.com/item.htm?id=1053109693558&ns=1&abbucket=11&xxc=taobaoSearch&mi_id=0000y6fetSnp-no2HUR4mDRIpjV9hzXtCpy9GRzsEBfCKoc&skuId=6254151858267,https://store.taobao.com/shop/view_shop.htm?appUid=RAzN8HWKYYe5JBsjSJaGwsLLDTheLg11LAKummfxKFXzHwAssVD,https://g-search1.alicdn.com/img/bao/uploaded/i4/O1CN01HniBWf1Fu7OT8oiWq_!!3033750546.jpg
38,美式字母植绒设计感短袖t恤男夏季新款宽松潮牌百搭重磅半袖体恤,59.8,欧路得旗舰店,3000+人付款,浙江 杭州,官方立减12%、天猫、天猫、包邮,包邮,https://detail.tmall.com/item.htm?id=921745554541&ns=1&abbucket=11&xxc=taobaoSearch&mi_id=0000AIyMjnpEtMbO5_D-EtwijhXUldQSFenO1-TZCivaUE8&skuId=5963670454070,https://store.taobao.com/shop/view_shop.htm?appUid=RAzN8HWZn4gZT9q6CvBgXae6gkZsEdeNcxopFpnDHzEss9iG3qp,https://g-search2.alicdn.com/img/bao/uploaded/i4/O1CN01xBBlxF1h7qt3kxu1i_!!2212308834231-0-qnaigc.jpg
39,Dickies美式街头风印花短袖潮牌纯棉oversize宽松透气男女同款T恤,119,Dickies男装店,3人付款,福建 泉州,超级立减80元、退货宝、包邮,有退货保障；包邮,https://item.taobao.com/item.htm?id=1055531527765&ns=1&abbucket=11&xxc=taobaoSearch&mi_id=0000m5r1jjHglCZ3cUmOxDH7eEcDu7H5-OXlafO4hXKZzBE&skuId=6275957778133,https://store.taobao.com/shop/view_shop.htm?appUid=RAzN8HWRAUHLDcPx1mL4vbveuNddnoiByWLHsTCo4u13W3PgGLB,"https://g-search1.alicdn.com/img/bao/uploaded/i4/O1CN01ZzJH2M1qYig5P5BZW~crop,187,0,1125,1500~_!!2221512315508.jpg"
40,Dickies官方正品美式纯色夏季百搭宽松印花圆领纯棉短袖T恤男上衣,119,Dickies官方店,700+人付款,福建 泉州,退货宝、48小时内发、包邮,有退货保障；包邮,https://item.taobao.com/item.htm?id=1050109748484&ns=1&abbucket=11&xxc=taobaoSearch&mi_id=0000KwfpDVTrziSL8qLC5icWuv3tRRcxKr0SZoSA80cZBD4&skuId=6077439856284,https://store.taobao.com/shop/view_shop.htm?appUid=RAzN8HWXZm7x7qc4eSeCExaV2MGa44WwfrinxXJSWgNpkQ45f8M,https://g-search3.alicdn.com/img/bao/uploaded/i4/O1CN01REXs4Q2Mw8coiUqhh_!!1646469891.jpg
41,Dickies美式高街大logo设计纯棉打底宽松套头圆领短袖T恤男女同款,119,Dickies男装企业店,3人付款,北京,官方立减12%、退货宝、48小时内发、包邮,有退货保障；包邮,https://item.taobao.com/item.htm?id=1060286222088&ns=1&abbucket=11&xxc=taobaoSearch&mi_id=0000IjwUBwcrQ2yfW1LDJ7MULEv6CEIng6PcfxRlr0sK1pU&skuId=6106260249290,https://store.taobao.com/shop/view_shop.htm?appUid=RAzN8HWLDzGWyXZuYi2DEMvehm6yBQBLDsZfEveygN1vYQvWyz1,https://g-search3.alicdn.com/img/bao/uploaded/i4/O1CN01HsVq6Q1J3E7n5bycF_!!2222201280972.jpg
42,2026网红新款弯钩字母印花纯棉夏季短袖T恤男女精神小伙休闲半袖,25,晨星小小铺,29人付款,广东 广州,包邮,包邮,https://item.taobao.com/item.htm?id=1031305367813&ns=1&abbucket=11&xxc=taobaoSearch&mi_id=000092goX-Z4nXbrcfiWtvlDE5gEw22vlQTBCEh4RpSsZbk&skuId=6211618302116,https://store.taobao.com/shop/view_shop.htm?appUid=RAzN8HWQFmPRBoEJ23gnae343S6nK4En2Jnr2gUSRNRSsmDjpNW,https://g-search1.alicdn.com/img/bao/uploaded/i4/O1CN01XFghp61T4jZ7Vnn4r_!!2217426032329.jpg
43,Dickies美式潮牌百搭经典logo字母印花短袖t恤男2026夏季男女同款,119,Dickies男装企业店,0人付款,北京,超级立减10%、退货宝、包邮,有退货保障；包邮,https://item.taobao.com/item.htm?id=1061067090298&ns=1&abbucket=11&xxc=taobaoSearch&mi_id=0000mJDrKCHqiiEyRnqIoeEkKzjYnO5Do488kZATqCGNVjw&skuId=6272031519336,https://store.taobao.com/shop/view_shop.htm?appUid=RAzN8HWLDzGWyXZuYi2DEMvehm6yBQBLDsZfEveygN1vYQvWyz1,https://g-search3.alicdn.com/img/bao/uploaded/i4/O1CN01mYhTwy1J3E7l0I3L1_!!2222201280972.jpg
44,Nuthink美式复古刺绣字母毛巾绣短袖T恤潮牌男女情侣2026年夏季,84.1,nuthink旗舰店,400+人付款,广东 广州,官方立减14.9元、天猫、天猫、包邮,包邮,https://detail.tmall.com/item.htm?id=922825326528&ns=1&abbucket=11&xxc=taobaoSearch&mi_id=00008Kc8r6XF6w7YnHqk1ky9zNnIhnVNbF1MBFMmjXqLbWw&skuId=5799832844882,https://store.taobao.com/shop/view_shop.htm?appUid=RAzN8HWUExsdvRZwg67XpUQiujHTtPiGp7GYCY6Xhci7Umcdno3,https://gw.alicdn.com/imgextra/O1CN01lpGdeN2IOvSAf56R0_!!2917239277-0-picasso.jpg
45,Dickies美式高街大logo设计纯棉打底宽松套头圆领短袖T恤男女同款,119,Dickies男装企业店,5人付款,北京,官方立减12%、退货宝、48小时内发、包邮,有退货保障；包邮,https://item.taobao.com/item.htm?id=1059503535479&ns=1&abbucket=11&xxc=taobaoSearch&mi_id=0000Qt5pJP9Sw9x3NsZEeEhIkT085MDCNnB27DZAfugv-F0&skuId=6105513488477,https://store.taobao.com/shop/view_shop.htm?appUid=RAzN8HWLDzGWyXZuYi2DEMvehm6yBQBLDsZfEveygN1vYQvWyz1,https://g-search2.alicdn.com/img/bao/uploaded/i4/O1CN013r1nBa1J3E7mv9Nd2_!!2222201280972.jpg
46,快手网红新款字母印花纯棉圆领夏季短袖T恤男女精神小伙休闲百搭,25,文涛潮品店,25人付款,广东 深圳,48小时内发、包邮,包邮,https://item.taobao.com/item.htm?id=1031703480688&ns=1&abbucket=11&xxc=taobaoSearch&mi_id=0000I02BjnwonjG48Ui4Ov_74Exl4AG93xOJEwju3NLGRZU&skuId=6042819136143,https://store.taobao.com/shop/view_shop.htm?appUid=RAzN8HWYBUc1zuZ8in3V1ny83NvM6m7UjxbVrAA7ZrSeWRB65Pq,https://g-search3.alicdn.com/img/bao/uploaded/i4/O1CN01pCcU4g22o5KoZVyph_!!2216907667166.png
47,Tldv 美式复古高街字母徽章logo图案印花设计宽松休闲圆领短袖T恤,32.9,TideStyle线上商店,0人付款,广东 揭阳,6期、退货宝、包邮,有退货保障；包邮,https://item.taobao.com/item.htm?id=1045389585724&ns=1&abbucket=11&xxc=taobaoSearch&mi_id=0000v3IQVHtkAI3MWlktipzoi_TklYMUqn5UGLGbdCup3bw&skuId=6068139852598,https://store.taobao.com/shop/view_shop.htm?appUid=RAzN8HWMhkduvtFZzgM2c8ViHhkYUnKuRSpUi58ZDdY4SB2s4j7,https://g-search3.alicdn.com/img/bao/uploaded/i4/O1CN01bbzgy31Xgz76FJDlf_!!3139232954.png
48,Tldv 美式潮牌高街cleanfit高级氛围感字母花卉印花宽松短袖T恤,29.9,TideStyle线上商店,0人付款,广东 揭阳,6期、退货宝、包邮,有退货保障；包邮,https://item.taobao.com/item.htm?id=1060041371350&ns=1&abbucket=11&xxc=taobaoSearch&mi_id=0000Pk_40waUxLVb8hXzZEt3LyX2QnVxuVD-C96ijBSAfa4&skuId=6106468528610,https://store.taobao.com/shop/view_shop.htm?appUid=RAzN8HWMhkduvtFZzgM2c8ViHhkYUnKuRSpUi58ZDdY4SB2s4j7,https://g-search3.alicdn.com/img/bao/uploaded/i4/O1CN01EZnXVE1Xgz7tP3p43_!!3139232954.jpg
49,美式潮牌重磅纯棉火焰刺绣圆领短袖T恤男女夏季宽松情侣半袖体恤,60.7,WASSUPUOSNE总店,15人付款,浙江 杭州,官方立减12%、退货宝、包邮、公益宝贝,有退货保障；包邮,https://item.taobao.com/item.htm?id=1025627066986&ns=1&abbucket=11&xxc=taobaoSearch&mi_id=00001wFJbfphiG4EAjkPGeJ7PuDFsE2yPxXOrDYjP1ivqfw&skuId=6036275220107,https://store.taobao.com/shop/view_shop.htm?appUid=RAzN8HWWbYogpVD66N7h1EJs23hn8z9a9yGKBNBnLeUyMcLvpAF,https://g-search1.alicdn.com/img/bao/uploaded/i4/O1CN01d19XWK1d1f3xoEB4F_!!1018143676.jpg
50,快手网红新款海鸥字母印花纯棉夏季短袖T恤男女精神小伙休闲半袖,25,文涛潮品店,28人付款,广东 深圳,包邮,包邮,https://item.taobao.com/item.htm?id=1029382120330&ns=1&abbucket=11&xxc=taobaoSearch&mi_id=0000_bfNOvxlexzVLYhn7rl5mhI-xxM6ugLSZalBydTLNqY&skuId=6040107593893,https://store.taobao.com/shop/view_shop.htm?appUid=RAzN8HWYBUc1zuZ8in3V1ny83NvM6m7UjxbVrAA7ZrSeWRB65Pq,https://g-search3.alicdn.com/img/bao/uploaded/i4/O1CN014je7pL22o5KoS8S6n_!!2216907667166.png
51,LMC 纯棉趣味涂鸦多元素印花品牌字母Logo设计宽松舒适休闲T恤,26.9,Imc TL线上商店,0人付款,广东 广州,6期、30天价保、退货宝、包邮,有退货保障；包邮,https://item.taobao.com/item.htm?id=1064667728163&ns=1&abbucket=11&xxc=taobaoSearch&mi_id=0000DmxyixJc5F3h44-2BPrRQFKsm8bhA3RsCxgrD6nF6XA&skuId=6274666443856,https://store.taobao.com/shop/view_shop.htm?appUid=RAzN8HWN1EeNgnQztWMB8PuEYVXxfDXSSKp9z6JejB7CgfoitME,https://gw.alicdn.com/imgextra/O1CN01RAB86P2JA6FRdemoU_!!2209630359380-0-picasso.jpg
52,一男一女纯棉刺绣字母潮牌短袖t恤男女2026新款夏季宽松学生上衣,49.9,WassupUosne联名品牌总舰店,0人付款,浙江 杭州,包邮,包邮,https://item.taobao.com/item.htm?id=1049809638419&ns=1&abbucket=11&xxc=taobaoSearch&mi_id=0000cHbtSFiyh3cM2xYcKMc4WmSiZdNaPuQLHb4j_TMBJZM&skuId=6246127039616,https://store.taobao.com/shop/view_shop.htm?appUid=RAzN8HWZNmJGjc51r8aDZJKoTTfo7BpPn4dWenptwsFERNGpgMZ,https://g-search1.alicdn.com/img/bao/uploaded/i4/O1CN01irKhSb29bRjAqpsp6_!!2943238086.jpg
53,重磅刺绣字母纯棉短袖t恤男女2026新款夏季一男一女宽松学生上衣,46.9,Wassup Uosne国潮总店,6人付款,浙江 杭州,退货宝、包邮,有退货保障；包邮,https://item.taobao.com/item.htm?id=1026980143149&ns=1&abbucket=11&xxc=taobaoSearch&mi_id=0000AQnLlAN9MRHaNawv3dKnCrucVD_Bv3rVQ_Npqv0_vJM&skuId=6204437786809,https://store.taobao.com/shop/view_shop.htm?appUid=RAzN8HWVLsDbNucR2grN2CxX8UogUefQKbZUEx3KPJp3fTXhPBw,https://g-search3.alicdn.com/img/bao/uploaded/i4/O1CN01c0urUj1KE34n3OGKk_!!2447921131.jpg
54,纯棉短袖t恤男款潮牌美式风高街痞帅印花潮流重磅初中生夏季街头,34.92,UZQEIS旗舰店,3000+人付款,广东 广州,天猫、天猫、退货宝、包邮,有退货保障；包邮,https://detail.tmall.com/item.htm?id=1021534132320&ns=1&abbucket=11&xxc=taobaoSearch&mi_id=0000ks8SFNfNsANrR1PRNNoddsICInT4TE46CRxxmSS_M4E&skuId=6195842378645,https://store.taobao.com/shop/view_shop.htm?appUid=RAzN8HWR2j6y4h9vpgr39PXerkD6Zq8F2AJQKDmNHe4cyPU5s67,https://g-search3.alicdn.com/img/bao/uploaded/i4/O1CN01XnD10t1qaYEesM8F0_!!2214812695512.png
55,Dickies美式豹纹字母印花纯棉打底宽松套头圆领短袖T恤男女同款,119,Dickies男装企业店,4人付款,北京,官方立减12%、退货宝、48小时内发、包邮,有退货保障；包邮,https://item.taobao.com/item.htm?id=1059471987465&ns=1&abbucket=11&xxc=taobaoSearch&mi_id=0000jlEsebZMihus-XJ9Mt_ztFqIhlaVcUQR-ScKDVONfos&skuId=6270667263237,https://store.taobao.com/shop/view_shop.htm?appUid=RAzN8HWLDzGWyXZuYi2DEMvehm6yBQBLDsZfEveygN1vYQvWyz1,https://g-search3.alicdn.com/img/bao/uploaded/i4/O1CN01XbGwCy1J3E7mGZBNX_!!2222201280972.jpg
56,LOOX Gz 美式复古高街个性字母Logo印花日常运动休闲宽松短袖T恤,29.9,LOOX Gz国潮,0人付款,广东 揭阳,3期、退货宝、包邮,有退货保障；包邮,https://item.taobao.com/item.htm?id=1052295131916&ns=1&abbucket=11&xxc=taobaoSearch&mi_id=0000XC7hhK2y91QRiGk_qcEsgRBmBqellOtYslPnK8CPCeA&skuId=6258059871971,https://store.taobao.com/shop/view_shop.htm?appUid=RAzN8HWb92HtS5GRqktkWjg9BeUxm4R16DyRGCaAecQjnpgxUDc,https://gw.alicdn.com/imgextra/O1CN01bWvZl41pTqqadcLiP_!!2451845362-0-picasso.jpg
57,Dickies重磅300g索罗纳巴黎棉袖T恤夏季圆领宽松百搭情侣半袖,119,Dickies品牌店,500+人付款,福建 泉州,退货宝、48小时内发、包邮,有退货保障；包邮,https://item.taobao.com/item.htm?id=1035094679453&ns=1&abbucket=11&xxc=taobaoSearch&mi_id=0000cYJshYmTEvBcwSbTlbhZmp2z39ipH88OrEWkyWmflVM&skuId=6053207841526,https://store.taobao.com/shop/view_shop.htm?appUid=RAzN8HWUiQHyVa8iGiCFzLNsri38btewqW5kX2kqA2yduxg799j,https://g-search3.alicdn.com/img/bao/uploaded/i4/O1CN014NWHF81Vk4XyK7Ne5_!!2207786462690.jpg
58,Dickies圆领短袖T恤男女同款美式高街高级感设计纯棉打底宽松套头,119,Dickies男装企业店,9人付款,北京,官方立减12%、退货宝、48小时内发、包邮,有退货保障；包邮,https://item.taobao.com/item.htm?id=1059472679285&ns=1&abbucket=11&xxc=taobaoSearch&mi_id=0000PuPoh6HtPzO7gHqhfd2J3dRXnvIU_4CzUBjkf-D6ABE&skuId=6270668155983,https://store.taobao.com/shop/view_shop.htm?appUid=RAzN8HWLDzGWyXZuYi2DEMvehm6yBQBLDsZfEveygN1vYQvWyz1,https://g-search2.alicdn.com/img/bao/uploaded/i4/O1CN014HFeTs1J3E7mPxHRM_!!2222201280972.jpg
59,LMC 美式潮牌高街cleanfit高级氛围感字母花卉印花短袖T恤,29.9,Imc TL线上商店,0人付款,广东 广州,6期、30天价保、退货宝、包邮,有退货保障；包邮,https://item.taobao.com/item.htm?id=1063184556797&ns=1&abbucket=11&xxc=taobaoSearch&mi_id=0000CpviPjhZYAW0J5EC6o6_z6WJfit_jSp9Gj6048nnLAU&skuId=6272353279724,https://store.taobao.com/shop/view_shop.htm?appUid=RAzN8HWN1EeNgnQztWMB8PuEYVXxfDXSSKp9z6JejB7CgfoitME,https://gw.alicdn.com/imgextra/O1CN01YvMjLU2JA6FLDt6Fu_!!2209630359380-0-picasso.jpg
60,Tldv 美式高街小众潮牌小鱼小虾印花图案复古街头时尚经典潮流T恤,29.9,TideStyle线上商店,0人付款,广东 揭阳,6期、退货宝、包邮,有退货保障；包邮,https://item.taobao.com/item.htm?id=1061724142764&ns=1&abbucket=11&xxc=taobaoSearch&mi_id=0000XZ_niZ_h79Y7VYTzkpWSkvGb6I2Gc2RtQYMXk1oOdk8&skuId=6108082908545,https://store.taobao.com/shop/view_shop.htm?appUid=RAzN8HWMhkduvtFZzgM2c8ViHhkYUnKuRSpUi58ZDdY4SB2s4j7,https://g-search2.alicdn.com/img/bao/uploaded/i4/O1CN01vVj4Ng1Xgz80iifkE_!!3139232954.jpg
